experiment,sub_experiment,script,workflow_name,sample_index,resampling_rate,decode_policy,predicted_text_raw,predicted_text_clean,predicted_text_normalized,reference_text_normalized,raw_wer,raw_cer,clean_wer,clean_cer,inference_time_sec,timestamp
exp3_asr_sensitivity,3A,GA20A,ga20a_whisper_pipeline,25,8000,clean, I'm Amisa Paybill. I like to make payment., I'm Amisa Paybill. I like to make payment.,i m amisa paybill i like to make payment,i need to pay a bill id like to make payment,0.5454545454545454,0.25,0.5454545454545454,0.25,0.37174868600050104,2026-04-04 00:43:40
exp3_asr_sensitivity,3A,GA20A,ga20a_whisper_pipeline,281,8000,clean, I want to open a joint account., I want to open a joint account.,i want to open a joint account,i want to open a joint account,0.0,0.0,0.0,0.0,0.2358883679999053,2026-04-04 00:43:40
exp3_asr_sensitivity,3A,GA20A,ga20a_whisper_pipeline,250,8000,clean, I'm going to have a phase and I need to take my credit card book so I can have a phase., I'm going to have a phase and I need to take my credit card book so I can have a phase.,i m going to have a phase and i need to take my credit card book so i can have a phase,i m going overseas and i need to check my credit card works ok but ok overseas,0.7058823529411765,0.4358974358974359,0.7058823529411765,0.4358974358974359,0.5722646330004864,2026-04-04 00:43:41
exp3_asr_sensitivity,3A,GA20A,ga20a_whisper_pipeline,228,8000,clean, I need to change my address., I need to change my address.,i need to change my address,i need to change my address,0.0,0.0,0.0,0.0,0.25441771500027244,2026-04-04 00:43:41
exp3_asr_sensitivity,3A,GA20A,ga20a_whisper_pipeline,142,8000,clean," I need to get some money here tomorrow and I'm just wondering, what's your next one? I'll give you a go from the couch, thanks."," I need to get some money here tomorrow and I'm just wondering, what's your next one? I'll give you a go from the couch, thanks.",i need to get some money here tomorrow and i m just wondering what s your next one i ll give you a go from the couch thanks,i need to get money out tomorrow and i m just wondering what s the maximum i can withdraw from my account thanks,0.5217391304347826,0.36607142857142855,0.5217391304347826,0.36607142857142855,0.6363902560005954,2026-04-04 00:43:42
exp3_asr_sensitivity,3A,GA20A,ga20a_whisper_pipeline,104,8000,clean, The app isn't working., The app isn't working.,the app isn t working,the app isn t working,0.0,0.0,0.0,0.0,0.19791699799952767,2026-04-04 00:43:42
exp3_asr_sensitivity,3A,GA20A,ga20a_whisper_pipeline,558,8000,clean," Hello, I'm just calling about setting up a direct edit. I'm just hoping that you could help me out. I'm going to do this on the app and I just want to talk to someone about it to help me set everything up."," Hello, I'm just calling about setting up a direct edit. I'm just hoping that you could help me out. I'm going to do this on the app and I just want to talk to someone about it to help me set everything up.",hello i m just calling about setting up a direct edit i m just hoping that you could help me out i m going to do this on the app and i just want to talk to someone about it to help me set everything up,hello i m i m just calling about setting up a direct debit i m i m just hoping that you could help me i have never do this on the app and i just want to talk to someone about it to help you said everything up,0.22916666666666666,0.13942307692307693,0.22916666666666666,0.13942307692307693,1.0185002339994753,2026-04-04 00:43:43
exp3_asr_sensitivity,3A,GA20A,ga20a_whisper_pipeline,89,8000,clean," I wanted to wash my card, so I need a freezer to stop all transactions. Can you please do that for me?"," I wanted to wash my card, so I need a freezer to stop all transactions. Can you please do that for me?",i wanted to wash my card so i need a freezer to stop all transactions can you please do that for me,hey mate i m on lock my cardos lost my card so i need the freezer to stop all transactions can you please do that for me,0.3333333333333333,0.25,0.3333333333333333,0.25,0.5143380680001428,2026-04-04 00:43:43
exp3_asr_sensitivity,3A,GA20A,ga20a_whisper_pipeline,604,8000,clean," Yeah, yeah, I'm making a large purchase online at Cecil, sending an SMS to the application guide or something. I'm not sure how that works. Could you explain that? Thanks."," Yeah, yeah, I'm making a large purchase online at Cecil, sending an SMS to the application guide or something. I'm not sure how that works. Could you explain that? Thanks.",yeah yeah i m making a large purchase online at cecil sending an sms to the application guide or something i m not sure how that works could you explain that thanks,g day mate i m making a large purchase online it says ill send me an sms verification code or something not sure how that works could you explain it thanks,0.4838709677419355,0.24516129032258063,0.4838709677419355,0.24516129032258063,0.7752913659996921,2026-04-04 00:43:44
exp3_asr_sensitivity,3A,GA20A,ga20a_whisper_pipeline,432,8000,clean," Hi there, I'm going to verify all the information from the site."," Hi there, I'm going to verify all the information from the site.",hi there i m going to verify all the information from the site,hi there i m calling about a business loan i was wondering if i could get some information from you please,0.7142857142857143,0.5377358490566038,0.7142857142857143,0.5377358490566038,0.3670032780000838,2026-04-04 00:43:45
exp3_asr_sensitivity,3A,GA20A,ga20a_whisper_pipeline,25,16000,clean, I need to pay a bill. I'd like to make payment., I need to pay a bill. I'd like to make payment.,i need to pay a bill i d like to make payment,i need to pay a bill id like to make payment,0.18181818181818182,0.022727272727272728,0.18181818181818182,0.022727272727272728,0.34130748999996285,2026-04-04 00:43:45
exp3_asr_sensitivity,3A,GA20A,ga20a_whisper_pipeline,281,16000,clean, I want to open a joint account., I want to open a joint account.,i want to open a joint account,i want to open a joint account,0.0,0.0,0.0,0.0,0.2550484999992477,2026-04-04 00:43:45
exp3_asr_sensitivity,3A,GA20A,ga20a_whisper_pipeline,250,16000,clean, I'm going overseas and I need to check my credit card works okay? Okay overseas., I'm going overseas and I need to check my credit card works okay? Okay overseas.,i m going overseas and i need to check my credit card works okay okay overseas,i m going overseas and i need to check my credit card works ok but ok overseas,0.17647058823529413,0.07692307692307693,0.17647058823529413,0.07692307692307693,0.4359257769992837,2026-04-04 00:43:46
exp3_asr_sensitivity,3A,GA20A,ga20a_whisper_pipeline,228,16000,clean, I need to change my address., I need to change my address.,i need to change my address,i need to change my address,0.0,0.0,0.0,0.0,0.22102497200012294,2026-04-04 00:43:46
exp3_asr_sensitivity,3A,GA20A,ga20a_whisper_pipeline,142,16000,clean, I need to get some money out tomorrow and I'm just wondering what's the maximum I can withdraw from the count. Thanks., I need to get some money out tomorrow and I'm just wondering what's the maximum I can withdraw from the count. Thanks.,i need to get some money out tomorrow and i m just wondering what s the maximum i can withdraw from the count thanks,i need to get money out tomorrow and i m just wondering what s the maximum i can withdraw from my account thanks,0.13043478260869565,0.08928571428571429,0.13043478260869565,0.08928571428571429,0.5528101540003263,2026-04-04 00:43:46
exp3_asr_sensitivity,3A,GA20A,ga20a_whisper_pipeline,104,16000,clean, The app isn't working., The app isn't working.,the app isn t working,the app isn t working,0.0,0.0,0.0,0.0,0.19796382200001972,2026-04-04 00:43:47
exp3_asr_sensitivity,3A,GA20A,ga20a_whisper_pipeline,558,16000,clean," Hey there, I'm just calling about setting up a direct debit. I'm just hoping that you could help me. I haven't been able to do this on the app and I just want to talk to someone about it to help set everything up."," Hey there, I'm just calling about setting up a direct debit. I'm just hoping that you could help me. I haven't been able to do this on the app and I just want to talk to someone about it to help set everything up.",hey there i m just calling about setting up a direct debit i m just hoping that you could help me i haven t been able to do this on the app and i just want to talk to someone about it to help set everything up,hello i m i m just calling about setting up a direct debit i m i m just hoping that you could help me i have never do this on the app and i just want to talk to someone about it to help you said everything up,0.25,0.14903846153846154,0.25,0.14903846153846154,1.0405391419999432,2026-04-04 00:43:48
exp3_asr_sensitivity,3A,GA20A,ga20a_whisper_pipeline,89,16000,clean," Hey mate, I'm on to lock my card. I've lost my card so I need to freeze it or stop all transactions. Can you please do that for me?"," Hey mate, I'm on to lock my card. I've lost my card so I need to freeze it or stop all transactions. Can you please do that for me?",hey mate i m on to lock my card i ve lost my card so i need to freeze it or stop all transactions can you please do that for me,hey mate i m on lock my cardos lost my card so i need the freezer to stop all transactions can you please do that for me,0.2962962962962963,0.11666666666666667,0.2962962962962963,0.11666666666666667,0.6993976750000002,2026-04-04 00:43:48
exp3_asr_sensitivity,3A,GA20A,ga20a_whisper_pipeline,604,16000,clean, Good day mate. I'm making a large purchase online at Sizzle Sunday and SMS verification code or something. I'm not sure how that works. Could you explain that? Thanks., Good day mate. I'm making a large purchase online at Sizzle Sunday and SMS verification code or something. I'm not sure how that works. Could you explain that? Thanks.,good day mate i m making a large purchase online at sizzle sunday and sms verification code or something i m not sure how that works could you explain that thanks,g day mate i m making a large purchase online it says ill send me an sms verification code or something not sure how that works could you explain it thanks,0.3225806451612903,0.14193548387096774,0.3225806451612903,0.14193548387096774,0.7551048120003543,2026-04-04 00:43:49
exp3_asr_sensitivity,3A,GA20A,ga20a_whisper_pipeline,432,16000,clean, Hi there. I'm calling about a business loan. I was wondering if I could get some information from you please., Hi there. I'm calling about a business loan. I was wondering if I could get some information from you please.,hi there i m calling about a business loan i was wondering if i could get some information from you please,hi there i m calling about a business loan i was wondering if i could get some information from you please,0.0,0.0,0.0,0.0,0.51772046699989,2026-04-04 00:43:50
exp3_asr_sensitivity,3A,GA20A,ga20a_whisper_pipeline,25,24000,clean, I need to pay a bill. I'd like to make payment., I need to pay a bill. I'd like to make payment.,i need to pay a bill i d like to make payment,i need to pay a bill id like to make payment,0.18181818181818182,0.022727272727272728,0.18181818181818182,0.022727272727272728,0.3464902579999034,2026-04-04 00:43:51
exp3_asr_sensitivity,3A,GA20A,ga20a_whisper_pipeline,281,24000,clean, I want to open a joint account., I want to open a joint account.,i want to open a joint account,i want to open a joint account,0.0,0.0,0.0,0.0,0.23471589800010406,2026-04-04 00:43:51
exp3_asr_sensitivity,3A,GA20A,ga20a_whisper_pipeline,250,24000,clean," Um, I'm trying to have a save, so I need to check my credit card works over time. What can I have a save?"," Um, I'm trying to have a save, so I need to check my credit card works over time. What can I have a save?",um i m trying to have a save so i need to check my credit card works over time what can i have a save,i m going overseas and i need to check my credit card works ok but ok overseas,0.8823529411764706,0.5512820512820513,0.8823529411764706,0.5512820512820513,0.5833550229999673,2026-04-04 00:43:52
exp3_asr_sensitivity,3A,GA20A,ga20a_whisper_pipeline,228,24000,clean, I need to change my address., I need to change my address.,i need to change my address,i need to change my address,0.0,0.0,0.0,0.0,0.24959060300079727,2026-04-04 00:43:52
exp3_asr_sensitivity,3A,GA20A,ga20a_whisper_pipeline,142,24000,clean," Um, I need to get some money out tomorrow and I'm just wondering, um, what's next then? I can withdraw from the account, thanks."," Um, I need to get some money out tomorrow and I'm just wondering, um, what's next then? I can withdraw from the account, thanks.",um i need to get some money out tomorrow and i m just wondering um what s next then i can withdraw from the account thanks,i need to get money out tomorrow and i m just wondering what s the maximum i can withdraw from my account thanks,0.2608695652173913,0.21428571428571427,0.2608695652173913,0.21428571428571427,0.6571293749993856,2026-04-04 00:43:53
exp3_asr_sensitivity,3A,GA20A,ga20a_whisper_pipeline,104,24000,clean, The app isn't working., The app isn't working.,the app isn t working,the app isn t working,0.0,0.0,0.0,0.0,0.20048046699957922,2026-04-04 00:43:53
exp3_asr_sensitivity,3A,GA20A,ga20a_whisper_pipeline,558,24000,clean," Hey there, I'm just calling about setting up a direct debit. I'm just hoping that you could help me out. I haven't been able to do this on the app and I just want to talk to someone about it to help set everything up."," Hey there, I'm just calling about setting up a direct debit. I'm just hoping that you could help me out. I haven't been able to do this on the app and I just want to talk to someone about it to help set everything up.",hey there i m just calling about setting up a direct debit i m just hoping that you could help me out i haven t been able to do this on the app and i just want to talk to someone about it to help set everything up,hello i m i m just calling about setting up a direct debit i m i m just hoping that you could help me i have never do this on the app and i just want to talk to someone about it to help you said everything up,0.2708333333333333,0.16826923076923078,0.2708333333333333,0.16826923076923078,0.9872949239997979,2026-04-04 00:43:54
exp3_asr_sensitivity,3A,GA20A,ga20a_whisper_pipeline,89,24000,clean, I wonder what my card is? What's my card? I need to freeze it to stop all transactions. Can you please do that for me?, I wonder what my card is? What's my card? I need to freeze it to stop all transactions. Can you please do that for me?,i wonder what my card is what s my card i need to freeze it to stop all transactions can you please do that for me,hey mate i m on lock my cardos lost my card so i need the freezer to stop all transactions can you please do that for me,0.48148148148148145,0.275,0.48148148148148145,0.275,0.6049162119998073,2026-04-04 00:43:54
exp3_asr_sensitivity,3A,GA20A,ga20a_whisper_pipeline,604,24000,clean," Yeah, good I might. I'm making a large purchase on one at Cecil's in the SMS verification code or something. I'm not sure how that works. Could you explain that? Thanks."," Yeah, good I might. I'm making a large purchase on one at Cecil's in the SMS verification code or something. I'm not sure how that works. Could you explain that? Thanks.",yeah good i might i m making a large purchase on one at cecil s in the sms verification code or something i m not sure how that works could you explain that thanks,g day mate i m making a large purchase online it says ill send me an sms verification code or something not sure how that works could you explain it thanks,0.45161290322580644,0.23870967741935484,0.45161290322580644,0.23870967741935484,0.786546172999806,2026-04-04 00:43:55
exp3_asr_sensitivity,3A,GA20A,ga20a_whisper_pipeline,432,24000,clean, Hi there. I'm calling about a business loan. I was wondering if I could get some information from you please., Hi there. I'm calling about a business loan. I was wondering if I could get some information from you please.,hi there i m calling about a business loan i was wondering if i could get some information from you please,hi there i m calling about a business loan i was wondering if i could get some information from you please,0.0,0.0,0.0,0.0,0.5172541400006594,2026-04-04 00:43:56
exp3_asr_sensitivity,3A,GA20B,ga20b_wav2vec2_ctc,25,8000,clean,THE CARBAR ECNOTGON,THE CARBAR ECNOTGON,the carbar ecnotgon,i need to pay a bill id like to make payment,1.0,0.8181818181818182,1.0,0.8181818181818182,0.18443629400007922,2026-04-04 00:43:58
exp3_asr_sensitivity,3A,GA20B,ga20b_wav2vec2_ctc,281,8000,clean,IRTOMBLE TOMTIN,IRTOMBLE TOMTIN,irtomble tomtin,i want to open a joint account,1.0,0.7333333333333333,1.0,0.7333333333333333,0.07988670100075979,2026-04-04 00:43:58
exp3_asr_sensitivity,3A,GA20B,ga20b_wav2vec2_ctc,250,8000,clean,ANT LELLON FOLVEN AL THE COK CLOCK I BRO OTER ART OVOL,ANT LELLON FOLVEN AL THE COK CLOCK I BRO OTER ART OVOL,ant lellon folven al the cok clock i bro oter art ovol,i m going overseas and i need to check my credit card works ok but ok overseas,1.0,0.717948717948718,1.0,0.717948717948718,0.152216318999308,2026-04-04 00:43:58
exp3_asr_sensitivity,3A,GA20B,ga20b_wav2vec2_ctc,228,8000,clean,ARE WONT THE TONES ROUND OFF,ARE WONT THE TONES ROUND OFF,are wont the tones round off,i need to change my address,1.0,0.8518518518518519,1.0,0.8518518518518519,0.12985938400015584,2026-04-04 00:43:58
exp3_asr_sensitivity,3A,GA20B,ga20b_wav2vec2_ctc,142,8000,clean,IM I'LL TOFAN OL HATRAN IN  RENI AM I THOUGHT OM I ALLD ORFER WITHOUT BOTON,IM I'LL TOFAN OL HATRAN IN  RENI AM I THOUGHT OM I ALLD ORFER WITHOUT BOTON,im i ll tofan ol hatran in reni am i thought om i alld orfer without boton,i need to get money out tomorrow and i m just wondering what s the maximum i can withdraw from my account thanks,0.9130434782608695,0.6964285714285714,0.9130434782608695,0.6964285714285714,0.21896664099949703,2026-04-04 00:43:58
exp3_asr_sensitivity,3A,GA20B,ga20b_wav2vec2_ctc,104,8000,clean,BLACK  RUN,BLACK  RUN,black run,the app isn t working,1.0,0.8095238095238095,1.0,0.8095238095238095,0.07756136300031358,2026-04-04 00:43:58
exp3_asr_sensitivity,3A,GA20B,ga20b_wav2vec2_ctc,558,8000,clean,O I ROLS OF CURL ABOUT FOLGER ALL THE ROUGH BOTTLE AN AND OF COT O WATTER LL AUT YOU ON BOT AMERLIN AS RETHERT LOUT HART BLOT FOLLOWIN,O I ROLS OF CURL ABOUT FOLGER ALL THE ROUGH BOTTLE AN AND OF COT O WATTER LL AUT YOU ON BOT AMERLIN AS RETHERT LOUT HART BLOT FOLLOWIN,o i rols of curl about folger all the rough bottle an and of cot o watter ll aut you on bot amerlin as rethert lout hart blot followin,hello i m i m just calling about setting up a direct debit i m i m just hoping that you could help me i have never do this on the app and i just want to talk to someone about it to help you said everything up,0.9375,0.7115384615384616,0.9375,0.7115384615384616,0.2739285079996989,2026-04-04 00:43:59
exp3_asr_sensitivity,3A,GA20B,ga20b_wav2vec2_ctc,89,8000,clean,OH NO IM IRANTI RECONTILE O FOR SOMETIMES ALL BOT FLORTARSAARTO LUTCELS PORTER THORNTON,OH NO IM IRANTI RECONTILE O FOR SOMETIMES ALL BOT FLORTARSAARTO LUTCELS PORTER THORNTON,oh no im iranti recontile o for sometimes all bot flortarsaarto lutcels porter thornton,hey mate i m on lock my cardos lost my card so i need the freezer to stop all transactions can you please do that for me,0.9629629629629629,0.7166666666666667,0.9629629629629629,0.7166666666666667,0.21627331800027605,2026-04-04 00:43:59
exp3_asr_sensitivity,3A,GA20B,ga20b_wav2vec2_ctc,604,8000,clean,ELL O NOW I'M NOTHER  ROUND TOUT OF A RUN O OF ORFAON OFAN A SPOT ADOSNT OLLOR I I'M WORTOR HAN ROP,ELL O NOW I'M NOTHER  ROUND TOUT OF A RUN O OF ORFAON OFAN A SPOT ADOSNT OLLOR I I'M WORTOR HAN ROP,ell o now i m nother round tout of a run o of orfaon ofan a spot adosnt ollor i i m wortor han rop,g day mate i m making a large purchase online it says ill send me an sms verification code or something not sure how that works could you explain it thanks,0.9354838709677419,0.7290322580645161,0.9354838709677419,0.7290322580645161,0.3093880910000735,2026-04-04 00:43:59
exp3_asr_sensitivity,3A,GA20B,ga20b_wav2vec2_ctc,432,8000,clean,YO LOT ENOTATE IR  AE LUSFAE,YO LOT ENOTATE IR  AE LUSFAE,yo lot enotate ir ae lusfae,hi there i m calling about a business loan i was wondering if i could get some information from you please,1.0,0.8301886792452831,1.0,0.8301886792452831,0.15020720299980894,2026-04-04 00:43:59
exp3_asr_sensitivity,3A,GA20B,ga20b_wav2vec2_ctc,25,16000,clean,I'M I ME TO PAY A BILL I'D LIKE TO MAKE PAYMENT,I'M I ME TO PAY A BILL I'D LIKE TO MAKE PAYMENT,i m i me to pay a bill i d like to make payment,i need to pay a bill id like to make payment,0.45454545454545453,0.1590909090909091,0.45454545454545453,0.1590909090909091,0.2726970319999964,2026-04-04 00:44:00
exp3_asr_sensitivity,3A,GA20B,ga20b_wav2vec2_ctc,281,16000,clean,I WANT TO OPEN A JOINT ACCOUNT,I WANT TO OPEN A JOINT ACCOUNT,i want to open a joint account,i want to open a joint account,0.0,0.0,0.0,0.0,0.12952742200013745,2026-04-04 00:44:00
exp3_asr_sensitivity,3A,GA20B,ga20b_wav2vec2_ctc,250,16000,clean,AM JANGAVASAYS AN I NEED TO CHECK MY CREDIT CADWORKS A THE CAI LIKE IAVA SAY,AM JANGAVASAYS AN I NEED TO CHECK MY CREDIT CADWORKS A THE CAI LIKE IAVA SAY,am jangavasays an i need to check my credit cadworks a the cai like iava say,i m going overseas and i need to check my credit card works ok but ok overseas,0.7058823529411765,0.3974358974358974,0.7058823529411765,0.3974358974358974,0.39589454399992974,2026-04-04 00:44:00
exp3_asr_sensitivity,3A,GA20B,ga20b_wav2vec2_ctc,228,16000,clean,I NEED TO CHANGE MY ADDRESS,I NEED TO CHANGE MY ADDRESS,i need to change my address,i need to change my address,0.0,0.0,0.0,0.0,0.28812517000005755,2026-04-04 00:44:01
exp3_asr_sensitivity,3A,GA20B,ga20b_wav2vec2_ctc,142,16000,clean,II NEED TO GET MONEY OUT TOMORR AND I'M JUST RUNNING AT ROME WHAT'S THE MAXEM I CAN WITHDRAW FROM THE COUNT THANKS,II NEED TO GET MONEY OUT TOMORR AND I'M JUST RUNNING AT ROME WHAT'S THE MAXEM I CAN WITHDRAW FROM THE COUNT THANKS,ii need to get money out tomorr and i m just running at rome what s the maxem i can withdraw from the count thanks,i need to get money out tomorrow and i m just wondering what s the maximum i can withdraw from my account thanks,0.34782608695652173,0.21428571428571427,0.34782608695652173,0.21428571428571427,0.7400760640002773,2026-04-04 00:44:01
exp3_asr_sensitivity,3A,GA20B,ga20b_wav2vec2_ctc,104,16000,clean,THE AP ISN'T WORKING,THE AP ISN'T WORKING,the ap isn t working,the app isn t working,0.2,0.047619047619047616,0.2,0.047619047619047616,0.17235114499999327,2026-04-04 00:44:01
exp3_asr_sensitivity,3A,GA20B,ga20b_wav2vec2_ctc,558,16000,clean,HOVER I'M I'M JUST CALLING ABOUT SITTING UP A DIRECT DEVERT I'M I'M JUST HOPING THAT YOU COUL HELP ME I HAVEN'T BEEN ABLE DO THIS ARM ON THE APINO JUST WHENT TO TALK TO SOME ONE ABOUT IT TO HELP YOU KNOW SEIT EVERYTHING UP,HOVER I'M I'M JUST CALLING ABOUT SITTING UP A DIRECT DEVERT I'M I'M JUST HOPING THAT YOU COUL HELP ME I HAVEN'T BEEN ABLE DO THIS ARM ON THE APINO JUST WHENT TO TALK TO SOME ONE ABOUT IT TO HELP YOU KNOW SEIT EVERYTHING UP,hover i m i m just calling about sitting up a direct devert i m i m just hoping that you coul help me i haven t been able do this arm on the apino just whent to talk to some one about it to help you know seit everything up,hello i m i m just calling about setting up a direct debit i m i m just hoping that you could help me i have never do this on the app and i just want to talk to someone about it to help you said everything up,0.3541666666666667,0.19230769230769232,0.3541666666666667,0.19230769230769232,0.8836527650000789,2026-04-04 00:44:02
exp3_asr_sensitivity,3A,GA20B,ga20b_wav2vec2_ctc,89,16000,clean,EMAT AM AMON TE LOKMACAD OF LOSMACADS AN DED THE FREEZER TO STOPLE TRANSACTIONS CAN YOUAIN PLEASE DO THAT FOR ME,EMAT AM AMON TE LOKMACAD OF LOSMACADS AN DED THE FREEZER TO STOPLE TRANSACTIONS CAN YOUAIN PLEASE DO THAT FOR ME,emat am amon te lokmacad of losmacads an ded the freezer to stople transactions can youain please do that for me,hey mate i m on lock my cardos lost my card so i need the freezer to stop all transactions can you please do that for me,0.6296296296296297,0.2916666666666667,0.6296296296296297,0.2916666666666667,0.5877872209994166,2026-04-04 00:44:03
exp3_asr_sensitivity,3A,GA20B,ga20b_wav2vec2_ctc,604,16000,clean,EH GET I MI AM I MAKING A LARGE PURCHASE ON WINE AT SIZIL SENDI AN ESEMES EFROCATION CARRID OR SOMETHING IM NOT SURE HOW THAT WORKS COULD YOU EXPLAIN THAT THANKS,EH GET I MI AM I MAKING A LARGE PURCHASE ON WINE AT SIZIL SENDI AN ESEMES EFROCATION CARRID OR SOMETHING IM NOT SURE HOW THAT WORKS COULD YOU EXPLAIN THAT THANKS,eh get i mi am i making a large purchase on wine at sizil sendi an esemes efrocation carrid or something im not sure how that works could you explain that thanks,g day mate i m making a large purchase online it says ill send me an sms verification code or something not sure how that works could you explain it thanks,0.5483870967741935,0.2709677419354839,0.5483870967741935,0.2709677419354839,0.6255967150000288,2026-04-04 00:44:04
exp3_asr_sensitivity,3A,GA20B,ga20b_wav2vec2_ctc,432,16000,clean,I THEH I'M CALLING ABOUT A BUSINESS LAND I WAS WONTEN IF I GET SOME INFORMATION FROM YO PLACE,I THEH I'M CALLING ABOUT A BUSINESS LAND I WAS WONTEN IF I GET SOME INFORMATION FROM YO PLACE,i theh i m calling about a business land i was wonten if i get some information from yo place,hi there i m calling about a business loan i was wondering if i could get some information from you please,0.3333333333333333,0.16981132075471697,0.3333333333333333,0.16981132075471697,0.3066082509994885,2026-04-04 00:44:04
exp3_asr_sensitivity,3A,GA20B,ga20b_wav2vec2_ctc,25,24000,clean,IMI ME TO PAY A GILL I LAT T MAKE PAYLO,IMI ME TO PAY A GILL I LAT T MAKE PAYLO,imi me to pay a gill i lat t make paylo,i need to pay a bill id like to make payment,0.6363636363636364,0.3409090909090909,0.6363636363636364,0.3409090909090909,0.38160614800017356,2026-04-04 00:44:04
exp3_asr_sensitivity,3A,GA20B,ga20b_wav2vec2_ctc,281,24000,clean,I WANT TO OCERE JOIN TOTOM,I WANT TO OCERE JOIN TOTOM,i want to ocere join totom,i want to open a joint account,0.5714285714285714,0.36666666666666664,0.5714285714285714,0.36666666666666664,0.12510902900066867,2026-04-04 00:44:04
exp3_asr_sensitivity,3A,GA20B,ga20b_wav2vec2_ctc,250,24000,clean,ALL GVODOE FOO FOR YU FOT ON OVECALL WAT FOE CA AN OCALE FOO,ALL GVODOE FOO FOR YU FOT ON OVECALL WAT FOE CA AN OCALE FOO,all gvodoe foo for yu fot on ovecall wat foe ca an ocale foo,i m going overseas and i need to check my credit card works ok but ok overseas,1.0,0.7564102564102564,1.0,0.7564102564102564,0.47375752900006773,2026-04-04 00:44:05
exp3_asr_sensitivity,3A,GA20B,ga20b_wav2vec2_ctc,228,24000,clean,I MEAN TO CHANGE MY GRAVE,I MEAN TO CHANGE MY GRAVE,i mean to change my grave,i need to change my address,0.3333333333333333,0.3333333333333333,0.3333333333333333,0.3333333333333333,0.38634035300037795,2026-04-04 00:44:05
exp3_asr_sensitivity,3A,GA20B,ga20b_wav2vec2_ctc,142,24000,clean,O WAARE YOU TOGOCMANY A CMORA BAGORMER O WHAT YOU ARE COM BA GOCOMERCO A AL,O WAARE YOU TOGOCMANY A CMORA BAGORMER O WHAT YOU ARE COM BA GOCOMERCO A AL,o waare you togocmany a cmora bagormer o what you are com ba gocomerco a al,i need to get money out tomorrow and i m just wondering what s the maximum i can withdraw from my account thanks,0.9565217391304348,0.6785714285714286,0.9565217391304348,0.6785714285714286,0.7786770330003492,2026-04-04 00:44:06
exp3_asr_sensitivity,3A,GA20B,ga20b_wav2vec2_ctc,104,24000,clean,BE UP I WALKING,BE UP I WALKING,be up i walking,the app isn t working,1.0,0.47619047619047616,1.0,0.47619047619047616,0.15649683700030437,2026-04-04 00:44:06
exp3_asr_sensitivity,3A,GA20B,ga20b_wav2vec2_ctc,558,24000,clean,HEER A ONDO COIN ABOUT IIN AP BA DO WAT GED A ONTIHOPING HAT YOU CAN HOLLY AR ANLY MAN DO A ON THE ABLOGICH ONT HOLD TO FALL ON A VALLEY TO HOLP NO FA WI NOK,HEER A ONDO COIN ABOUT IIN AP BA DO WAT GED A ONTIHOPING HAT YOU CAN HOLLY AR ANLY MAN DO A ON THE ABLOGICH ONT HOLD TO FALL ON A VALLEY TO HOLP NO FA WI NOK,heer a ondo coin about iin ap ba do wat ged a ontihoping hat you can holly ar anly man do a on the ablogich ont hold to fall on a valley to holp no fa wi nok,hello i m i m just calling about setting up a direct debit i m i m just hoping that you could help me i have never do this on the app and i just want to talk to someone about it to help you said everything up,0.8541666666666666,0.5721153846153846,0.8541666666666666,0.5721153846153846,0.8604598990004888,2026-04-04 00:44:07
exp3_asr_sensitivity,3A,GA20B,ga20b_wav2vec2_ctc,89,24000,clean,AA ON AT ANY C YE AR CARGL OSHOR CALL FOR YOU GOD E YOU TAN TO PANKERN FORSUCH YOU PWISTOGO FON,AA ON AT ANY C YE AR CARGL OSHOR CALL FOR YOU GOD E YOU TAN TO PANKERN FORSUCH YOU PWISTOGO FON,aa on at any c ye ar cargl oshor call for you god e you tan to pankern forsuch you pwistogo fon,hey mate i m on lock my cardos lost my card so i need the freezer to stop all transactions can you please do that for me,0.9259259259259259,0.65,0.9259259259259259,0.65,0.7441098139997848,2026-04-04 00:44:08
exp3_asr_sensitivity,3A,GA20B,ga20b_wav2vec2_ctc,604,24000,clean,WHO TE AR MA ALL OMY COMARO WA CROCUGE O A CHE ME SAMME GESHAA GERIKESHOUL GAVME SHOLTMAN ALL MOCHO HAWA WONC COULD YOU CKANO BANC,WHO TE AR MA ALL OMY COMARO WA CROCUGE O A CHE ME SAMME GESHAA GERIKESHOUL GAVME SHOLTMAN ALL MOCHO HAWA WONC COULD YOU CKANO BANC,who te ar ma all omy comaro wa crocuge o a che me samme geshaa gerikeshoul gavme sholtman all mocho hawa wonc could you ckano banc,g day mate i m making a large purchase online it says ill send me an sms verification code or something not sure how that works could you explain it thanks,0.9032258064516129,0.6516129032258065,0.9032258064516129,0.6516129032258065,1.0143870950005294,2026-04-04 00:44:09
exp3_asr_sensitivity,3A,GA20B,ga20b_wav2vec2_ctc,432,24000,clean,HATHER I'M CALLING ABOUT A BIGE FIRIN ALL COMING FOCE ETERITION FOR ME FORYO WHY,HATHER I'M CALLING ABOUT A BIGE FIRIN ALL COMING FOCE ETERITION FOR ME FORYO WHY,hather i m calling about a bige firin all coming foce eterition for me foryo why,hi there i m calling about a business loan i was wondering if i could get some information from you please,0.7619047619047619,0.5094339622641509,0.7619047619047619,0.5094339622641509,0.5286911110006258,2026-04-04 00:44:09
exp3_asr_sensitivity,3A,GA20E,ga20e_speecht5_asr,25,8000,clean,an annel to gabber am i to not go in,an annel to gabber am i to not go in,an annel to gabber am i to not go in,i need to pay a bill id like to make payment,0.9090909090909091,0.6363636363636364,0.9090909090909091,0.6363636363636364,0.5700333059994591,2026-04-04 00:44:12
exp3_asr_sensitivity,3A,GA20E,ga20e_speecht5_asr,281,8000,clean,i rang out a tremble with him i rang out a tremble with him i rang ou,i rang out a tremble with him i rang out a tremble with him i rang ou,i rang out a tremble with him i rang out a tremble with him i rang ou,i want to open a joint account,2.142857142857143,1.7666666666666666,2.142857142857143,1.7666666666666666,0.8847492149998288,2026-04-04 00:44:13
exp3_asr_sensitivity,3A,GA20E,ga20e_speecht5_asr,250,8000,clean,i'm going on falk and lips at my club on breakfast i'm club and break,i'm going on falk and lips at my club on breakfast i'm club and break,i m going on falk and lips at my club on breakfast i m club and break,i m going overseas and i need to check my credit card works ok but ok overseas,0.8235294117647058,0.6025641025641025,0.8235294117647058,0.6025641025641025,1.003804578999734,2026-04-04 00:44:14
exp3_asr_sensitivity,3A,GA20E,ga20e_speecht5_asr,228,8000,clean,are you going to chunks round up,are you going to chunks round up,are you going to chunks round up,i need to change my address,1.0,0.8888888888888888,1.0,0.8888888888888888,0.6138027460001467,2026-04-04 00:44:15
exp3_asr_sensitivity,3A,GA20E,ga20e_speecht5_asr,142,8000,clean,arm i'll do for a moment rehnhjelm i'm always ready to hurt her for t,arm i'll do for a moment rehnhjelm i'm always ready to hurt her for t,arm i ll do for a moment rehnhjelm i m always ready to hurt her for t,i need to get money out tomorrow and i m just wondering what s the maximum i can withdraw from my account thanks,0.9130434782608695,0.75,0.9130434782608695,0.75,1.143610572000398,2026-04-04 00:44:16
exp3_asr_sensitivity,3A,GA20E,ga20e_speecht5_asr,104,8000,clean,black over rubbing,black over rubbing,black over rubbing,the app isn t working,1.0,0.7142857142857143,1.0,0.7142857142857143,0.345114452999951,2026-04-04 00:44:17
exp3_asr_sensitivity,3A,GA20E,ga20e_speecht5_asr,558,8000,clean,though i'm unjust to all about falling i'll do my fault i'm unjust co,though i'm unjust to all about falling i'll do my fault i'm unjust co,though i m unjust to all about falling i ll do my fault i m unjust co,hello i m i m just calling about setting up a direct debit i m i m just hoping that you could help me i have never do this on the app and i just want to talk to someone about it to help you said everything up,0.875,0.7884615384615384,0.875,0.7884615384615384,1.1338970300002984,2026-04-04 00:44:18
exp3_asr_sensitivity,3A,GA20E,ga20e_speecht5_asr,89,8000,clean,oh aunt ma'am i'm em running by a rheumatism of responsible but phili,oh aunt ma'am i'm em running by a rheumatism of responsible but phili,oh aunt ma am i m em running by a rheumatism of responsible but phili,hey mate i m on lock my cardos lost my card so i need the freezer to stop all transactions can you please do that for me,0.9629629629629629,0.75,0.9629629629629629,0.75,1.0284286750002138,2026-04-04 00:44:19
exp3_asr_sensitivity,3A,GA20E,ga20e_speecht5_asr,604,8000,clean,i'll done around to sermon that ferry of a nun of an espousal dollar,i'll done around to sermon that ferry of a nun of an espousal dollar,i ll done around to sermon that ferry of a nun of an espousal dollar,g day mate i m making a large purchase online it says ill send me an sms verification code or something not sure how that works could you explain it thanks,0.9354838709677419,0.7677419354838709,0.9354838709677419,0.7677419354838709,1.1496674249992793,2026-04-04 00:44:20
exp3_asr_sensitivity,3A,GA20E,ga20e_speecht5_asr,432,8000,clean,you're aunt grandger will double it about everything that little dese,you're aunt grandger will double it about everything that little dese,you re aunt grandger will double it about everything that little dese,hi there i m calling about a business loan i was wondering if i could get some information from you please,1.0,0.7358490566037735,1.0,0.7358490566037735,0.9326436639994427,2026-04-04 00:44:21
exp3_asr_sensitivity,3A,GA20E,ga20e_speecht5_asr,25,16000,clean,i'm uneasy to pay a bill i like to make payment i'm uneasy to pay a b,i'm uneasy to pay a bill i like to make payment i'm uneasy to pay a b,i m uneasy to pay a bill i like to make payment i m uneasy to pay a b,i need to pay a bill id like to make payment,0.9090909090909091,0.6590909090909091,0.9090909090909091,0.6590909090909091,1.0403270169999814,2026-04-04 00:44:22
exp3_asr_sensitivity,3A,GA20E,ga20e_speecht5_asr,281,16000,clean,i want to open a joint account,i want to open a joint account,i want to open a joint account,i want to open a joint account,0.0,0.0,0.0,0.0,0.4450947779996568,2026-04-04 00:44:22
exp3_asr_sensitivity,3A,GA20E,ga20e_speecht5_asr,250,16000,clean,i'm johnnie avosailes and i need to check mark credit cad works of a,i'm johnnie avosailes and i need to check mark credit cad works of a,i m johnnie avosailes and i need to check mark credit cad works of a,i m going overseas and i need to check my credit card works ok but ok overseas,0.47058823529411764,0.3974358974358974,0.47058823529411764,0.3974358974358974,1.14772151499983,2026-04-04 00:44:23
exp3_asr_sensitivity,3A,GA20E,ga20e_speecht5_asr,228,16000,clean,i need to change my dread i,i need to change my dread i,i need to change my dread i,i need to change my address,0.3333333333333333,0.2222222222222222,0.3333333333333333,0.2222222222222222,0.5986364820000745,2026-04-04 00:44:24
exp3_asr_sensitivity,3A,GA20E,ga20e_speecht5_asr,142,16000,clean,ah i needn't to get so money aunt murray and i'm just wondering how w,ah i needn't to get so money aunt murray and i'm just wondering how w,ah i needn t to get so money aunt murray and i m just wondering how w,i need to get money out tomorrow and i m just wondering what s the maximum i can withdraw from my account thanks,0.7391304347826086,0.6160714285714286,0.7391304347826086,0.6160714285714286,1.4741688379999687,2026-04-04 00:44:25
exp3_asr_sensitivity,3A,GA20E,ga20e_speecht5_asr,104,16000,clean,the ape isn't working,the ape isn't working,the ape isn t working,the app isn t working,0.2,0.047619047619047616,0.2,0.047619047619047616,0.3606849380003041,2026-04-04 00:44:26
exp3_asr_sensitivity,3A,GA20E,ga20e_speecht5_asr,558,16000,clean,here i'm just calling about sitting up a direct debat i'm i'm just ho,here i'm just calling about sitting up a direct debat i'm i'm just ho,here i m just calling about sitting up a direct debat i m i m just ho,hello i m i m just calling about setting up a direct debit i m i m just hoping that you could help me i have never do this on the app and i just want to talk to someone about it to help you said everything up,0.7291666666666666,0.6875,0.7291666666666666,0.6875,1.620241466999687,2026-04-04 00:44:27
exp3_asr_sensitivity,3A,GA20E,ga20e_speecht5_asr,89,16000,clean,a man am a monder locke macard of los macardes on the dead phrase or,a man am a monder locke macard of los macardes on the dead phrase or,a man am a monder locke macard of los macardes on the dead phrase or,hey mate i m on lock my cardos lost my card so i need the freezer to stop all transactions can you please do that for me,0.9629629629629629,0.6583333333333333,0.9629629629629629,0.6583333333333333,1.9842329009998139,2026-04-04 00:44:29
exp3_asr_sensitivity,3A,GA20E,ga20e_speecht5_asr,604,16000,clean,aye get i might ah i'm making a lodge purchase on law nuts as ill sen,aye get i might ah i'm making a lodge purchase on law nuts as ill sen,aye get i might ah i m making a lodge purchase on law nuts as ill sen,g day mate i m making a large purchase online it says ill send me an sms verification code or something not sure how that works could you explain it thanks,0.9032258064516129,0.7419354838709677,0.9032258064516129,0.7419354838709677,1.849442912000086,2026-04-04 00:44:31
exp3_asr_sensitivity,3A,GA20E,ga20e_speecht5_asr,432,16000,clean,i there i'm calling about a business line algebrain if i get some inf,i there i'm calling about a business line algebrain if i get some inf,i there i m calling about a business line algebrain if i get some inf,hi there i m calling about a business loan i was wondering if i could get some information from you please,0.47619047619047616,0.42452830188679247,0.47619047619047616,0.42452830188679247,1.1479079540004022,2026-04-04 00:44:32
exp3_asr_sensitivity,3A,GA20E,ga20e_speecht5_asr,25,24000,clean,am i neach to pay a bill i bought to make pay men am i not to pay a b,am i neach to pay a bill i bought to make pay men am i not to pay a b,am i neach to pay a bill i bought to make pay men am i not to pay a b,i need to pay a bill id like to make payment,1.1818181818181819,0.75,1.1818181818181819,0.75,1.2400412030001462,2026-04-04 00:44:34
exp3_asr_sensitivity,3A,GA20E,ga20e_speecht5_asr,281,24000,clean,i want to erect a joint to come,i want to erect a joint to come,i want to erect a joint to come,i want to open a joint account,0.42857142857142855,0.3333333333333333,0.42857142857142855,0.3333333333333333,0.49057067899957474,2026-04-04 00:44:34
exp3_asr_sensitivity,3A,GA20E,ga20e_speecht5_asr,250,24000,clean,oh good dolly be free you from your mutiny truth ma'am grew rich old,oh good dolly be free you from your mutiny truth ma'am grew rich old,oh good dolly be free you from your mutiny truth ma am grew rich old,i m going overseas and i need to check my credit card works ok but ok overseas,1.0,0.782051282051282,1.0,0.782051282051282,1.4211941059993478,2026-04-04 00:44:36
exp3_asr_sensitivity,3A,GA20E,ga20e_speecht5_asr,228,24000,clean,i mean to change my grief i mean to change my grief i mean to change,i mean to change my grief i mean to change my grief i mean to change,i mean to change my grief i mean to change my grief i mean to change,i need to change my address,2.0,1.7777777777777777,2.0,1.7777777777777777,1.2371800689998054,2026-04-04 00:44:37
exp3_asr_sensitivity,3A,GA20E,ga20e_speecht5_asr,142,24000,clean,recover your coin my coat eh mortgager ron timorre rome bron briscomb,recover your coin my coat eh mortgager ron timorre rome bron briscomb,recover your coin my coat eh mortgager ron timorre rome bron briscomb,i need to get money out tomorrow and i m just wondering what s the maximum i can withdraw from my account thanks,1.0,0.7232142857142857,1.0,0.7232142857142857,2.156042737000462,2026-04-04 00:44:39
exp3_asr_sensitivity,3A,GA20E,ga20e_speecht5_asr,104,24000,clean,the arp i him working,the arp i him working,the arp i him working,the app isn t working,0.6,0.23809523809523808,0.6,0.23809523809523808,0.40414421599962225,2026-04-04 00:44:39
exp3_asr_sensitivity,3A,GA20E,ga20e_speecht5_asr,558,24000,clean,hail her om jeff corn about shedding up a red de work der brute am om,hail her om jeff corn about shedding up a red de work der brute am om,hail her om jeff corn about shedding up a red de work der brute am om,hello i m i m just calling about setting up a direct debit i m i m just hoping that you could help me i have never do this on the app and i just want to talk to someone about it to help you said everything up,0.9375,0.7740384615384616,0.9375,0.7740384615384616,2.898156956999628,2026-04-04 00:44:42
exp3_asr_sensitivity,3A,GA20E,ga20e_speecht5_asr,89,24000,clean,murdered murdered mon again cried old fierce or called short lucretia,murdered murdered mon again cried old fierce or called short lucretia,murdered murdered mon again cried old fierce or called short lucretia,hey mate i m on lock my cardos lost my card so i need the freezer to stop all transactions can you please do that for me,1.0,0.75,1.0,0.75,2.2366584970004624,2026-04-04 00:44:45
exp3_asr_sensitivity,3A,GA20E,ga20e_speecht5_asr,604,24000,clean,humor martin all o mercures ye and ancient jerusalem and ancient jeru,humor martin all o mercures ye and ancient jerusalem and ancient jeru,humor martin all o mercures ye and ancient jerusalem and ancient jeru,g day mate i m making a large purchase online it says ill send me an sms verification code or something not sure how that works could you explain it thanks,1.0,0.7677419354838709,1.0,0.7677419354838709,2.8035856429996784,2026-04-04 00:44:47
exp3_asr_sensitivity,3A,GA20E,ga20e_speecht5_asr,432,24000,clean,hard bear i'm calling you bout a big good clarion i'll claim you fran,hard bear i'm calling you bout a big good clarion i'll claim you fran,hard bear i m calling you bout a big good clarion i ll claim you fran,hi there i m calling about a business loan i was wondering if i could get some information from you please,0.7619047619047619,0.6226415094339622,0.7619047619047619,0.6226415094339622,1.4116495359994587,2026-04-04 00:44:49
exp3_asr_sensitivity,3B,GA20C,ga20c_whisper_direct,114,16000,raw_vs_clean," I'm having issues with the online banking app. I'm not sure what's wrong with that. When I try to log in, it keeps crashing. So what I've done is I've deleted it and reinstalled it, but it still does the same thing and it's not working. Is there any way that you can call me back and assist me? Thank you."," I'm having issues with the online banking app. I'm not sure what's wrong with that. When I try to log in, it keeps crashing. So what I've done is I've deleted it and reinstalled it, but it still does the same thing and it's not working. Is there any way that you can call me back and assist me? Thank you.",i m having issues with the online banking app i m not sure what s wrong with that when i try to log in it keeps crashing so what i ve done is i ve deleted it and reinstalled it but it still does the same thing and it s not working is there any way that you can call me back and assist me thank you,we re having issues with the online banking app i m not sure what s wrong with but when i try to login it keeps crashing so what i ve done is i ve deleted it and we installed it but it still does the same thing and it s not working is there any way that you can call me back and assist me thank you,0.1044776119402985,0.03355704697986577,0.1044776119402985,0.03355704697986577,,2026-04-04 00:44:59
exp3_asr_sensitivity,3B,GA20C,ga20c_whisper_direct,25,16000,raw_vs_clean, I need to pay a bill. I'd like to make payment., I need to pay a bill. I'd like to make payment.,i need to pay a bill i d like to make payment,i need to pay a bill id like to make payment,0.18181818181818182,0.022727272727272728,0.18181818181818182,0.022727272727272728,,2026-04-04 00:45:03
exp3_asr_sensitivity,3B,GA20C,ga20c_whisper_direct,281,16000,raw_vs_clean, I want to open a joint account., I want to open a joint account.,i want to open a joint account,i want to open a joint account,0.0,0.0,0.0,0.0,,2026-04-04 00:45:07
exp3_asr_sensitivity,3B,GA20C,ga20c_whisper_direct,250,16000,raw_vs_clean, I'm going overseas and I need to check my credit card works okay? Okay overseas., I'm going overseas and I need to check my credit card works okay? Okay overseas.,i m going overseas and i need to check my credit card works okay okay overseas,i m going overseas and i need to check my credit card works ok but ok overseas,0.17647058823529413,0.07692307692307693,0.17647058823529413,0.07692307692307693,,2026-04-04 00:45:12
exp3_asr_sensitivity,3B,GA20C,ga20c_whisper_direct,228,16000,raw_vs_clean, I need to change my address., I need to change my address.,i need to change my address,i need to change my address,0.0,0.0,0.0,0.0,,2026-04-04 00:45:15
exp3_asr_sensitivity,3B,GA20C,ga20c_whisper_direct,142,16000,raw_vs_clean, I need to get some money out tomorrow and I'm just wondering what's the maximum I can withdraw from the count. Thanks., I need to get some money out tomorrow and I'm just wondering what's the maximum I can withdraw from the count. Thanks.,i need to get some money out tomorrow and i m just wondering what s the maximum i can withdraw from the count thanks,i need to get money out tomorrow and i m just wondering what s the maximum i can withdraw from my account thanks,0.13043478260869565,0.08928571428571429,0.13043478260869565,0.08928571428571429,,2026-04-04 00:45:20
exp3_asr_sensitivity,3B,GA20C,ga20c_whisper_direct,104,16000,raw_vs_clean, The app isn't working., The app isn't working.,the app isn t working,the app isn t working,0.0,0.0,0.0,0.0,,2026-04-04 00:45:24
exp3_asr_sensitivity,3B,GA20C,ga20c_whisper_direct,558,16000,raw_vs_clean," Hey there, I'm just calling about setting up a direct debit. I'm just hoping that you could help me. I haven't been able to do this on the app and I just want to talk to someone about it to help set everything up."," Hey there, I'm just calling about setting up a direct debit. I'm just hoping that you could help me. I haven't been able to do this on the app and I just want to talk to someone about it to help set everything up.",hey there i m just calling about setting up a direct debit i m just hoping that you could help me i haven t been able to do this on the app and i just want to talk to someone about it to help set everything up,hello i m i m just calling about setting up a direct debit i m i m just hoping that you could help me i have never do this on the app and i just want to talk to someone about it to help you said everything up,0.25,0.14903846153846154,0.25,0.14903846153846154,,2026-04-04 00:45:30
exp3_asr_sensitivity,3B,GA20C,ga20c_whisper_direct,89,16000,raw_vs_clean," Hey mate, I'm on the lock my card. I've lost my card so I need to freeze it or stop all transactions. Can you please do that for me?"," Hey mate, I'm on the lock my card. I've lost my card so I need to freeze it or stop all transactions. Can you please do that for me?",hey mate i m on the lock my card i ve lost my card so i need to freeze it or stop all transactions can you please do that for me,hey mate i m on lock my cardos lost my card so i need the freezer to stop all transactions can you please do that for me,0.2962962962962963,0.125,0.2962962962962963,0.125,,2026-04-04 00:45:37
exp3_asr_sensitivity,3B,GA20C,ga20c_whisper_direct,604,16000,raw_vs_clean," Good day mate. I'm making a large purchase online at Cizzil, Sunday and SMS for a vacation goat or something. Not sure how that works. Could you explain that? Thanks."," Good day mate. I'm making a large purchase online at Cizzil, Sunday and SMS for a vacation goat or something. Not sure how that works. Could you explain that? Thanks.",good day mate i m making a large purchase online at cizzil sunday and sms for a vacation goat or something not sure how that works could you explain that thanks,g day mate i m making a large purchase online it says ill send me an sms verification code or something not sure how that works could you explain it thanks,0.3548387096774194,0.18064516129032257,0.3548387096774194,0.18064516129032257,,2026-04-04 00:45:42
exp3_asr_sensitivity,3B,GA20C,ga20c_whisper_direct,432,16000,raw_vs_clean, Hi there. I'm calling about a business loan. I was wondering if I could get some information from you please., Hi there. I'm calling about a business loan. I was wondering if I could get some information from you please.,hi there i m calling about a business loan i was wondering if i could get some information from you please,hi there i m calling about a business loan i was wondering if i could get some information from you please,0.0,0.0,0.0,0.0,,2026-04-04 00:45:46
exp3_asr_sensitivity,3B,GA20C,ga20c_whisper_direct,32,16000,raw_vs_clean," You need to make a payment, an overdue payment."," You need to make a payment, an overdue payment.",you need to make a payment an overdue payment,i need to make a payment an overdue payment,0.1111111111111111,0.06976744186046512,0.1111111111111111,0.06976744186046512,,2026-04-04 00:45:51
exp3_asr_sensitivity,3B,GA20C,ga20c_whisper_direct,30,16000,raw_vs_clean, Fuel payment., Fuel payment.,fuel payment,bill payment,0.5,0.25,0.5,0.25,,2026-04-04 00:45:54
exp3_asr_sensitivity,3B,GA20C,ga20c_whisper_direct,95,16000,raw_vs_clean, Oh hi there. I've just discovered that my card has gone missing and I'd like to freeze my card so that no transactions can occur. Can you help me with that please? Thanks., Oh hi there. I've just discovered that my card has gone missing and I'd like to freeze my card so that no transactions can occur. Can you help me with that please? Thanks.,oh hi there i ve just discovered that my card has gone missing and i d like to freeze my card so that no transactions can occur can you help me with that please thanks,oh hi there i ve just discovered that my card has gone missing and id like to freeze my car so that no transaction connect her can you help me help me with that please thanks,0.2222222222222222,0.10344827586206896,0.2222222222222222,0.10344827586206896,,2026-04-04 00:46:00
exp3_asr_sensitivity,3B,GA20C,ga20c_whisper_direct,223,16000,raw_vs_clean," Hi, I'd like to change the address on my account please."," Hi, I'd like to change the address on my account please.",hi i d like to change the address on my account please,hi i just said the address of my come please,0.6,0.4318181818181818,0.6,0.4318181818181818,,2026-04-04 00:46:04
exp3_asr_sensitivity,3B,GA20C,ga20c_whisper_direct,238,16000,raw_vs_clean," Hello, I was just wondering if I could please change my address. Thank you."," Hello, I was just wondering if I could please change my address. Thank you.",hello i was just wondering if i could please change my address thank you,hello i was just wondering if i could please change my address thank you,0.0,0.0,0.0,0.0,,2026-04-04 00:46:08
exp3_asr_sensitivity,3B,GA20C,ga20c_whisper_direct,517,16000,raw_vs_clean," Hello, I was wondering if you could please show me my latest transactions."," Hello, I was wondering if you could please show me my latest transactions.",hello i was wondering if you could please show me my latest transactions,hello i was wondering if you could please show me my latest transaction,0.07692307692307693,0.014084507042253521,0.07692307692307693,0.014084507042253521,,2026-04-04 00:46:12
exp3_asr_sensitivity,3B,GA20C,ga20c_whisper_direct,616,16000,raw_vs_clean, I'm just wondering how I can deposit money into the account., I'm just wondering how I can deposit money into the account.,i m just wondering how i can deposit money into the account,i m just wondering how i can deposit money into the account,0.0,0.0,0.0,0.0,,2026-04-04 00:46:17
exp3_asr_sensitivity,3B,GA20C,ga20c_whisper_direct,27,16000,raw_vs_clean," Yes, I'd like to pay my bill today using a credit card."," Yes, I'd like to pay my bill today using a credit card.",yes i d like to pay my bill today using a credit card,yes id like to pay my bill today using a credit card,0.16666666666666666,0.019230769230769232,0.16666666666666666,0.019230769230769232,,2026-04-04 00:46:21
exp3_asr_sensitivity,3B,GA20C,ga20c_whisper_direct,574,16000,raw_vs_clean," Hi, I'm trying to make a large payment with a large sum of money. I do not know what to do with my messages and the payment code. What am I supposed to do?"," Hi, I'm trying to make a large payment with a large sum of money. I do not know what to do with my messages and the payment code. What am I supposed to do?",hi i m trying to make a large payment with a large sum of money i do not know what to do with my messages and the payment code what am i supposed to do,hi i m traffic lights payment prefer lots of money i do not know what to do with my messages and apparently chords,0.782608695652174,0.5526315789473685,0.782608695652174,0.5526315789473685,,2026-04-04 00:46:26
exp3_asr_sensitivity,3B,GA20C,ga20c_whisper_direct,203,16000,raw_vs_clean, My address. I want to change my address., My address. I want to change my address.,my address i want to change my address,my address i want to change my address,0.0,0.0,0.0,0.0,,2026-04-04 00:46:31
exp3_asr_sensitivity,3B,GA20C,ga20c_whisper_direct,429,16000,raw_vs_clean, I'm calling to find out about new business loans., I'm calling to find out about new business loans.,i m calling to find out about new business loans,i m calling to find out about new business loans,0.0,0.0,0.0,0.0,,2026-04-04 00:46:35
exp3_asr_sensitivity,3B,GA20C,ga20c_whisper_direct,225,16000,raw_vs_clean," Hey there, I'm just calling about my address. I've recently moved and I'm just needing to change it. Hopefully you can just lend me a hand with that one. Thanks."," Hey there, I'm just calling about my address. I've recently moved and I'm just needing to change it. Hopefully you can just lend me a hand with that one. Thanks.",hey there i m just calling about my address i ve recently moved and i m just needing to change it hopefully you can just lend me a hand with that one thanks,hey there i m just calling about my address i ve recently moved and i m just needing to change it hopefully you can just lend me a hand with that one thanks,0.0,0.0,0.0,0.0,,2026-04-04 00:46:40
exp3_asr_sensitivity,3B,GA20C,ga20c_whisper_direct,459,16000,raw_vs_clean, Hi there. I have a question about an existing loan., Hi there. I have a question about an existing loan.,hi there i have a question about an existing loan,hi there i have a question about the existing loan,0.1,0.06,0.1,0.06,,2026-04-04 00:46:44
